{
  "project_info": {
    "project_number": "505783909085",
    "firebase_url": "https://techtext-8931e.firebaseio.com",
    "project_id": "techtext-8931e",
    "storage_bucket": "techtext-8931e.appspot.com"
  },
  "client": [
    {
      "client_info": {
        "mobilesdk_app_id": "1:505783909085:android:7fd891b3e826b5c09af934",
        "android_client_info": {
          "package_name": "com.example.techtext1"
        }
      },
      "oauth_client": [
        {
          "client_id": "505783909085-0g0a2688kj79gc542onikbuv641ntnsf.apps.googleusercontent.com",
          "client_type": 1,
          "android_info": {
            "package_name": "com.example.techtext1",
            "certificate_hash": "b992102f4d7158dc49eeb5e32eafa259f80c0e0d"
          }
        },
        {
          "client_id": "505783909085-ve504fj9kvo8q5pm5mh7mc6idsh09p9v.apps.googleusercontent.com",
          "client_type": 3
        }
      ],
      "api_key": [
        {
          "current_key": "AIzaSyDPD-ELsN7K3zTcgQ0p5KEvpIDamn8UzXk"
        }
      ],
      "services": {
        "appinvite_service": {
          "other_platform_oauth_client": [
            {
              "client_id": "505783909085-ve504fj9kvo8q5pm5mh7mc6idsh09p9v.apps.googleusercontent.com",
              "client_type": 3
            }
          ]
        }
      }
    }
  ],
  "configuration_version": "1"
}